<service>
  <id>nginx</id>
  <name>Nginx Service</name>
  <description>High Performance Nginx Service</description>
  <logpath>D:\ProgramFiles\Nginx\nginx-1.17.0\logs</logpath>
  <log mode="roll-by-size">
    <sizeThreshold>10240</sizeThreshold>
    <keepFiles>8</keepFiles>
  </log>
  <executable>D:\ProgramFiles\Nginx\nginx-1.17.0\nginx.exe</executable>
  <startarguments>-p D:\ProgramFiles\Nginx\nginx-1.17.0</startarguments>
  <stopexecutable>D:\ProgramFiles\Nginx\nginx-1.17.0\nginx.exe</stopexecutable>
  <stoparguments>-p D:\ProgramFiles\Nginx\nginx-1.17.0\nginx -s stop</stoparguments>
</service>